{
  "21": { "mean": 1.4024103919873914, "std_deviation": 0.0, "sample_size": 1 },
  "22": {
    "mean": 1.4275763918022395,
    "std_deviation": 0.4816719382941695,
    "sample_size": 27
  },
  "23": {
    "mean": 1.285630905005239,
    "std_deviation": 0.5085661375920599,
    "sample_size": 99
  },
  "24": {
    "mean": 1.1787808991967317,
    "std_deviation": 0.2769188724327924,
    "sample_size": 178
  },
  "25": {
    "mean": 1.1977380652578757,
    "std_deviation": 0.4873191825889597,
    "sample_size": 261
  },
  "26": {
    "mean": 1.1253927405723652,
    "std_deviation": 0.2779075659038713,
    "sample_size": 330
  },
  "27": {
    "mean": 1.1200338402710683,
    "std_deviation": 0.3939383907496839,
    "sample_size": 359
  },
  "28": {
    "mean": 1.0505227183461212,
    "std_deviation": 0.24429249698483022,
    "sample_size": 346
  },
  "29": {
    "mean": 0.9911412432404434,
    "std_deviation": 0.24027382904962702,
    "sample_size": 316
  },
  "30": {
    "mean": 0.9830664473657355,
    "std_deviation": 0.23080044522579712,
    "sample_size": 277
  },
  "31": {
    "mean": 0.9566520650670033,
    "std_deviation": 0.23207043152559853,
    "sample_size": 247
  },
  "32": {
    "mean": 0.9197004100936362,
    "std_deviation": 0.18256884311280527,
    "sample_size": 187
  },
  "33": {
    "mean": 0.9101936425531828,
    "std_deviation": 0.25176374849201083,
    "sample_size": 148
  },
  "34": {
    "mean": 0.8744092106621653,
    "std_deviation": 0.18288794039102932,
    "sample_size": 111
  },
  "35": {
    "mean": 0.8506066471124775,
    "std_deviation": 0.16713026227557387,
    "sample_size": 76
  },
  "36": {
    "mean": 0.881127823246095,
    "std_deviation": 0.2244254006141464,
    "sample_size": 53
  },
  "37": {
    "mean": 0.8308762437712067,
    "std_deviation": 0.16830608283127313,
    "sample_size": 37
  },
  "38": {
    "mean": 0.7603256661047311,
    "std_deviation": 0.16652707422131455,
    "sample_size": 23
  },
  "39": {
    "mean": 0.821806376866977,
    "std_deviation": 0.13571664637893555,
    "sample_size": 15
  },
  "40": {
    "mean": 0.8455769614464944,
    "std_deviation": 0.16252429350794137,
    "sample_size": 6
  },
  "41": {
    "mean": 0.9287768385672726,
    "std_deviation": 0.09395219196352073,
    "sample_size": 2
  },
  "42": { "mean": 0.9965484801219919, "std_deviation": 0.0, "sample_size": 1 }
}
