{
  "18.0": {
    "totals": {
      "GP": 46,
      "FP": 248.5,
      "FTM": 8,
      "FG3M": 0,
      "PTS": 74,
      "REB": 80,
      "AST": 9,
      "STL": 4,
      "BLK": 22,
      "TOV": 17
    },
    "averages": {
      "GP": 1.0,
      "FP": 5.4021739130434785,
      "FTM": 0.17391304347826086,
      "FG3M": 0.0,
      "PTS": 1.608695652173913,
      "REB": 1.7391304347826086,
      "AST": 0.1956521739130435,
      "STL": 0.08695652173913043,
      "BLK": 0.4782608695652174,
      "TOV": 0.3695652173913043
    }
  },
  "19.0": {
    "totals": {
      "GP": 2548,
      "FP": 46452.49999999999,
      "FTM": 3882,
      "FG3M": 1048,
      "PTS": 20158,
      "REB": 9860,
      "AST": 3361,
      "STL": 1439,
      "BLK": 1809,
      "TOV": 3312
    },
    "averages": {
      "GP": 1.0,
      "FP": 18.23096546310832,
      "FTM": 1.5235478806907379,
      "FG3M": 0.41130298273155413,
      "PTS": 7.911302982731554,
      "REB": 3.869701726844584,
      "AST": 1.3190737833594977,
      "STL": 0.564756671899529,
      "BLK": 0.7099686028257457,
      "TOV": 1.2998430141287285
    }
  },
  "20.0": {
    "totals": {
      "GP": 11501,
      "FP": 228623.89999999997,
      "FTM": 19159,
      "FG3M": 6093,
      "PTS": 102192,
      "REB": 45952,
      "AST": 20318,
      "STL": 7511,
      "BLK": 6249,
      "TOV": 16140
    },
    "averages": {
      "GP": 1.0,
      "FP": 19.878610555603856,
      "FTM": 1.6658551430310409,
      "FG3M": 0.5297800191287714,
      "PTS": 8.885488218415789,
      "REB": 3.995478654030084,
      "AST": 1.766628988783584,
      "STL": 0.6530736457699331,
      "BLK": 0.5433440570385184,
      "TOV": 1.4033562298930529
    }
  },
  "21.0": {
    "totals": {
      "GP": 20941,
      "FP": 436828.6000000002,
      "FTM": 36329,
      "FG3M": 11692,
      "PTS": 195329,
      "REB": 86128,
      "AST": 38939,
      "STL": 14957,
      "BLK": 11434,
      "TOV": 29292
    },
    "averages": {
      "GP": 1.0,
      "FP": 20.859968482880483,
      "FTM": 1.7348264170765484,
      "FG3M": 0.5583305477293348,
      "PTS": 9.327587030227782,
      "REB": 4.1128885917577955,
      "AST": 1.859462298839597,
      "STL": 0.7142447829616542,
      "BLK": 0.5460102191872404,
      "TOV": 1.3987870684303518
    }
  },
  "22.0": {
    "totals": {
      "GP": 30653,
      "FP": 645488.1999999997,
      "FTM": 54342,
      "FG3M": 17423,
      "PTS": 290851,
      "REB": 126441,
      "AST": 57288,
      "STL": 21983,
      "BLK": 16118,
      "TOV": 41921
    },
    "averages": {
      "GP": 1.0,
      "FP": 21.05791276547156,
      "FTM": 1.772811796561511,
      "FG3M": 0.568394610641699,
      "PTS": 9.488500309920726,
      "REB": 4.124914364010048,
      "AST": 1.8689198447134048,
      "STL": 0.7171565589012495,
      "BLK": 0.525821289922683,
      "TOV": 1.3675986037255734
    }
  },
  "23.0": {
    "totals": {
      "GP": 42377,
      "FP": 850832.1999999991,
      "FTM": 69838,
      "FG3M": 24514,
      "PTS": 382842,
      "REB": 164616,
      "AST": 78686,
      "STL": 29838,
      "BLK": 19321,
      "TOV": 54488
    },
    "averages": {
      "GP": 1.0,
      "FP": 20.07768836869054,
      "FTM": 1.6480166127852374,
      "FG3M": 0.5784741723104514,
      "PTS": 9.03419307643297,
      "REB": 3.8845600207659814,
      "AST": 1.8568091181537154,
      "STL": 0.7041083606673432,
      "BLK": 0.45593128347924583,
      "TOV": 1.2857918210349955
    }
  },
  "24.0": {
    "totals": {
      "GP": 46892,
      "FP": 985121.5000000005,
      "FTM": 81610,
      "FG3M": 30482,
      "PTS": 446274,
      "REB": 186165,
      "AST": 92449,
      "STL": 34217,
      "BLK": 21503,
      "TOV": 61671
    },
    "averages": {
      "GP": 1.0,
      "FP": 21.00830632090763,
      "FTM": 1.740382154738548,
      "FG3M": 0.6500469163183485,
      "PTS": 9.517060479399472,
      "REB": 3.9700801842531774,
      "AST": 1.9715303250021325,
      "STL": 0.7296980295146294,
      "BLK": 0.4585643606585345,
      "TOV": 1.3151710313059797
    }
  },
  "25.0": {
    "totals": {
      "GP": 45499,
      "FP": 1024530.1999999995,
      "FTM": 86837,
      "FG3M": 32130,
      "PTS": 466167,
      "REB": 192851,
      "AST": 94857,
      "STL": 34677,
      "BLK": 22379,
      "TOV": 62060
    },
    "averages": {
      "GP": 1.0,
      "FP": 22.51764214598122,
      "FTM": 1.9085474406030902,
      "FG3M": 0.7061693663597002,
      "PTS": 10.245653750631883,
      "REB": 4.238576672014769,
      "AST": 2.084815050880239,
      "STL": 0.7621486186509594,
      "BLK": 0.49185696388931627,
      "TOV": 1.363986021670806
    }
  },
  "26.0": {
    "totals": {
      "GP": 44028,
      "FP": 1017044.5999999993,
      "FTM": 86252,
      "FG3M": 32832,
      "PTS": 461268,
      "REB": 189568,
      "AST": 96776,
      "STL": 34163,
      "BLK": 22171,
      "TOV": 61829
    },
    "averages": {
      "GP": 1.0,
      "FP": 23.09995003179793,
      "FTM": 1.9590260743163441,
      "FG3M": 0.7457072771872445,
      "PTS": 10.476696647587898,
      "REB": 4.305623694012901,
      "AST": 2.198055782683747,
      "STL": 0.7759380394294539,
      "BLK": 0.5035659126010721,
      "TOV": 1.4043108930680477
    }
  },
  "27.0": {
    "totals": {
      "GP": 40712,
      "FP": 953886.8000000002,
      "FTM": 80288,
      "FG3M": 32029,
      "PTS": 431701,
      "REB": 176119,
      "AST": 93664,
      "STL": 31494,
      "BLK": 20328,
      "TOV": 57292
    },
    "averages": {
      "GP": 1.0,
      "FP": 23.430113971310675,
      "FTM": 1.9720966791118097,
      "FG3M": 0.7867213597956376,
      "PTS": 10.603777755944193,
      "REB": 4.325972686185891,
      "AST": 2.3006484574572608,
      "STL": 0.7735802711731185,
      "BLK": 0.49931224209078406,
      "TOV": 1.407250933385734
    }
  },
  "28.0": {
    "totals": {
      "GP": 38094,
      "FP": 906334.8999999991,
      "FTM": 75803,
      "FG3M": 30536,
      "PTS": 412725,
      "REB": 168957,
      "AST": 88844,
      "STL": 29344,
      "BLK": 18672,
      "TOV": 54890
    },
    "averages": {
      "GP": 1.0,
      "FP": 23.792064367091907,
      "FTM": 1.9898934215361999,
      "FG3M": 0.8015960518716858,
      "PTS": 10.834383367459443,
      "REB": 4.4352653961253745,
      "AST": 2.3322307975009187,
      "STL": 0.7703050349136347,
      "BLK": 0.4901559300677272,
      "TOV": 1.4409093295532105
    }
  },
  "29.0": {
    "totals": {
      "GP": 32826,
      "FP": 765217.9000000003,
      "FTM": 61826,
      "FG3M": 27702,
      "PTS": 345676,
      "REB": 141262,
      "AST": 77449,
      "STL": 25600,
      "BLK": 14928,
      "TOV": 46345
    },
    "averages": {
      "GP": 1.0,
      "FP": 23.311335526716636,
      "FTM": 1.8834460488637057,
      "FG3M": 0.8439042222628405,
      "PTS": 10.53055504782794,
      "REB": 4.303357094985682,
      "AST": 2.359379759946384,
      "STL": 0.7798696155486504,
      "BLK": 0.4547614695668068,
      "TOV": 1.4118381770547737
    }
  },
  "30.0": {
    "totals": {
      "GP": 30399,
      "FP": 696506.5000000002,
      "FTM": 55729,
      "FG3M": 25080,
      "PTS": 311459,
      "REB": 128950,
      "AST": 71470,
      "STL": 23524,
      "BLK": 13935,
      "TOV": 42219
    },
    "averages": {
      "GP": 1.0,
      "FP": 22.912151715516966,
      "FTM": 1.8332510937859798,
      "FG3M": 0.8250271390506266,
      "PTS": 10.24569887167341,
      "REB": 4.241915852495148,
      "AST": 2.3510641797427545,
      "STL": 0.7738412447777887,
      "BLK": 0.4584032369485838,
      "TOV": 1.3888285798874962
    }
  },
  "31.0": {
    "totals": {
      "GP": 25995,
      "FP": 564880.0999999995,
      "FTM": 42993,
      "FG3M": 20106,
      "PTS": 249695,
      "REB": 106228,
      "AST": 58242,
      "STL": 18996,
      "BLK": 11883,
      "TOV": 33891
    },
    "averages": {
      "GP": 1.0,
      "FP": 21.730336603192903,
      "FTM": 1.6538949798038085,
      "FG3M": 0.7734564339296018,
      "PTS": 9.605501057895749,